{
    "data_normalization_mean": [
        7.848542455471997,
        -0.394729392322143,
        4.467791662678275
    ],
    "data_normalization_std": [
        14.943722559845,
        3.73795703239,
        15.721750371109
    ],
    "window_size": 100,
    "detect_delay": 10,
    "depot_location": [
        45.5125669,
        10.7766294
    ],
    "depot_radius": 0.00000005,
    "sensors_freqHz": 9.85,
    "camera_fps": 10.65,
    "camera_buffer_size": 20,
    "retry_connection_delay": 1,
    "frames_path": "./frames/",
    "edge_ip": "10.42.0.1",
    "edge_port": "3000"
}