{
    "data_normalization_mean": [ 7.804775865180694 ,-1.128971686992716 , 4.1011338038592555],
    "data_normalization_std": [19.00083387166 , 5.526247999263, 10.633560623857],
    "window_size": 200,
    "detect_delay": 20,
    "depot_location": [
        1,
        1
    ],
    "depot_radius": 50
}