{
    "data_normalization_mean": [
        7.848542455471997,
        -0.394729392322143,
        4.467791662678275
    ],
    "data_normalization_std": [
        14.943722559845,
        3.73795703239,
        15.721750371109
    ],
    "window_size": 50,
    "detect_delay": 10,
    "depot_location": [
        10.4043385,
        43.719696
    ],
    "depot_radius": 0.000000005,
    "sensors_freqHz": 9.85,
    "camera_fps": 10.65,
    "camera_buffer_size": 25,
    "retry_connection_delay": 1,
    "frames_path": "./frames/",
    "edge_ip": "192.168.1.54",
    "edge_port": "3000"
}
