{
    "data_normalization_mean": [
        7.804775865180694,
        -1.128971686992716,
        4.1011338038592555
    ],
    "data_normalization_std": [
        19.00083387166,
        5.526247999263,
        10.633560623857
    ],
    "window_size": 200,
    "detect_delay": 20,
    "depot_location": [
        45.5130616,
        10.775293
    ],
    "depot_radius": 0.0005,
    "sensors_freqHz": 24,
    "camera_fps": 8,
    "camera_buffer_size": 80,
    "retry_connection_delay": 1,
    "frames_path": "./frames/",
    "edge_ip": "10.42.0.1",
    "edge_port": "3000"
}